{
  "version": "6.0",
  "nxVersion": "17.0.3",
  "deps": {
    "@types/lodash.clonedeep": "^4.5.9",
    "axios": "^1.0.0",
    "express": "~4.18.1",
    "lodash": "^4.17.21",
    "tslib": "^2.3.0",
    "uuid": "^9.0.1",
    "@nx/esbuild": "17.0.3",
    "@nx/eslint": "17.0.3",
    "@nx/eslint-plugin": "17.0.3",
    "@nx/jest": "17.0.3",
    "@nx/js": "17.0.3",
    "@nx/node": "17.0.3",
    "@nx/workspace": "17.0.3",
    "@swc-node/register": "~1.6.7",
    "@swc/core": "~1.3.85",
    "@types/express": "~4.17.13",
    "@types/jest": "^29.4.0",
    "@types/node": "~18.7.1",
    "@types/uuid": "^9.0.7",
    "@typescript-eslint/eslint-plugin": "^5.60.1",
    "@typescript-eslint/parser": "^5.62.0",
    "esbuild": "^0.19.2",
    "eslint": "~8.46.0",
    "eslint-config-airbnb-base": "^15.0.0",
    "eslint-config-airbnb-typescript": "^17.1.0",
    "eslint-config-prettier": "^9.0.0",
    "eslint-plugin-import": "^2.29.0",
    "jest": "^29.4.1",
    "jest-environment-node": "^29.4.1",
    "nx": "17.0.3",
    "prettier": "^2.6.2",
    "ts-jest": "^29.1.0",
    "ts-node": "10.9.1",
    "typescript": "~5.1.3"
  },
  "pathMappings": {},
  "nxJsonPlugins": [],
  "fileMap": {
    "nonProjectFiles": [],
    "projectFileMap": {
      "e2e": [
        {
          "file": "e2e/.eslintrc.json",
          "hash": "4974691928663088857"
        },
        {
          "file": "e2e/jest.config.ts",
          "hash": "16167000130134516478"
        },
        {
          "file": "e2e/project.json",
          "hash": "1536127687772698778"
        },
        {
          "file": "e2e/src/server/server.spec.ts",
          "hash": "16412650142464751575",
          "deps": [
            "npm:axios"
          ]
        },
        {
          "file": "e2e/src/support/global-setup.ts",
          "hash": "2568409276037275290"
        },
        {
          "file": "e2e/src/support/global-teardown.ts",
          "hash": "5275447082211835490"
        },
        {
          "file": "e2e/src/support/test-setup.ts",
          "hash": "10984585515912236441",
          "deps": [
            "npm:axios"
          ]
        },
        {
          "file": "e2e/tsconfig.json",
          "hash": "8499526883202715106"
        },
        {
          "file": "e2e/tsconfig.spec.json",
          "hash": "14226830188665428950"
        }
      ],
      "essent-savings-program": [
        {
          "file": ".eslintignore",
          "hash": "7663861978715868291"
        },
        {
          "file": ".eslintrc.json",
          "hash": "12955675226166812804"
        },
        {
          "file": ".gitignore",
          "hash": "16877376182141465221"
        },
        {
          "file": ".prettierignore",
          "hash": "16448050467312557263"
        },
        {
          "file": ".prettierrc",
          "hash": "16267754514737964994"
        },
        {
          "file": ".vscode/extensions.json",
          "hash": "235626400633494639"
        },
        {
          "file": "README.md",
          "hash": "10442195000262072171"
        },
        {
          "file": "jest.config.ts",
          "hash": "13647763080704896785"
        },
        {
          "file": "jest.preset.js",
          "hash": "9430166341120122740",
          "deps": [
            "npm:@nx/jest"
          ]
        },
        {
          "file": "nx.json",
          "hash": "17250203653569436521"
        },
        {
          "file": "package-lock.json",
          "hash": "3453676350430613449"
        },
        {
          "file": "package.json",
          "hash": "12387970944465990875",
          "deps": [
            "npm:@types/lodash.clonedeep",
            "npm:axios",
            "npm:express",
            "npm:lodash",
            "npm:tslib",
            "npm:uuid",
            "npm:@nx/esbuild",
            "npm:@nx/eslint",
            "npm:@nx/eslint-plugin",
            "npm:@nx/jest",
            "npm:@nx/js",
            "npm:@nx/node",
            "npm:@nx/workspace",
            "npm:@swc-node/register",
            "npm:@swc/core",
            "npm:@types/express",
            "npm:@types/jest",
            "npm:@types/node",
            "npm:@types/uuid",
            "npm:@typescript-eslint/eslint-plugin",
            "npm:@typescript-eslint/parser",
            "npm:esbuild",
            "npm:eslint",
            "npm:eslint-config-airbnb-base",
            "npm:eslint-config-airbnb-typescript",
            "npm:eslint-config-prettier",
            "npm:eslint-plugin-import",
            "npm:jest",
            "npm:jest-environment-node",
            "npm:nx",
            "npm:prettier",
            "npm:ts-jest",
            "npm:ts-node",
            "npm:typescript"
          ]
        },
        {
          "file": "project.json",
          "hash": "7726853750381341352"
        },
        {
          "file": "src/assets/.gitkeep",
          "hash": "3244421341483603138"
        },
        {
          "file": "src/main.ts",
          "hash": "10787911961736976562",
          "deps": [
            "npm:express"
          ]
        },
        {
          "file": "tsconfig.app.json",
          "hash": "11653504435993440299"
        },
        {
          "file": "tsconfig.json",
          "hash": "10182701031779797300"
        },
        {
          "file": "tsconfig.spec.json",
          "hash": "713132797739782072"
        },
        {
          "file": ".nx/cache/d/server-process.json",
          "hash": "12551090082435945443"
        },
        {
          "file": "src/models/account.ts",
          "hash": "759970136182396202"
        },
        {
          "file": "src/models/products.ts",
          "hash": "5026531492604753581"
        },
        {
          "file": "src/routes/ProductRoutes.ts",
          "hash": "8671985454766655768",
          "deps": [
            "npm:express"
          ]
        },
        {
          "file": "src/utils/Utilities.ts",
          "hash": "979077225298764980",
          "deps": [
            "npm:express"
          ]
        },
        {
          "file": "src/controllers/ProductController.ts",
          "hash": "1153810217638870216",
          "deps": [
            "npm:express",
            "npm:uuid"
          ]
        },
        {
          "file": "src/routes/AccountRoutes.ts",
          "hash": "1434569374723985633",
          "deps": [
            "npm:express"
          ]
        },
        {
          "file": "src/controllers/AccountController.ts",
          "hash": "9402718239945265414",
          "deps": [
            "npm:express",
            "npm:uuid",
            "npm:lodash"
          ]
        },
        {
          "file": "src/datastore.ts",
          "hash": "15815670926432158050",
          "deps": [
            "npm:lodash"
          ]
        }
      ]
    }
  }
}
